timestamp,provider,from_region,to_region,latency_ms
2025-12-03 20:43:49,cloudping.co AWS,af-south-1,af-south-1,8.43
2025-12-03 20:43:49,cloudping.co AWS,af-south-1,ap-east-1,366.61
2025-12-03 20:43:49,cloudping.co AWS,af-south-1,ap-east-2,384.94
2025-12-03 20:43:49,cloudping.co AWS,af-south-1,ap-northeast-1,374.85
2025-12-03 20:43:49,cloudping.co AWS,af-south-1,ap-northeast-2,395.30
2025-12-03 20:43:49,cloudping.co AWS,af-south-1,ap-northeast-3,387.42
2025-12-03 20:43:49,cloudping.co AWS,af-south-1,ap-south-1,285.03
2025-12-03 20:43:49,cloudping.co AWS,af-south-1,ap-south-2,318.99
2025-12-03 20:43:49,cloudping.co AWS,af-south-1,ap-southeast-1,336.40
2025-12-03 20:43:49,cloudping.co AWS,af-south-1,ap-southeast-2,410.17
2025-12-03 20:43:49,cloudping.co AWS,af-south-1,ap-southeast-3,350.11
2025-12-03 20:43:49,cloudping.co AWS,af-south-1,ap-southeast-4,422.38
2025-12-03 20:43:49,cloudping.co AWS,af-south-1,ap-southeast-5,336.75
2025-12-03 20:43:49,cloudping.co AWS,af-south-1,ap-southeast-6,448.70
2025-12-03 20:43:49,cloudping.co AWS,af-south-1,ap-southeast-7,361.65
2025-12-03 20:43:49,cloudping.co AWS,af-south-1,ca-central-1,220.95
2025-12-03 20:43:49,cloudping.co AWS,af-south-1,ca-west-1,289.82
2025-12-03 20:43:49,cloudping.co AWS,af-south-1,eu-central-1,158.30
2025-12-03 20:43:49,cloudping.co AWS,af-south-1,eu-central-2,149.22
2025-12-03 20:43:49,cloudping.co AWS,af-south-1,eu-north-1,178.73
2025-12-03 20:43:49,cloudping.co AWS,af-south-1,eu-south-1,196.93
2025-12-03 20:43:49,cloudping.co AWS,af-south-1,eu-south-2,136.25
2025-12-03 20:43:49,cloudping.co AWS,af-south-1,eu-west-1,160.23
2025-12-03 20:43:49,cloudping.co AWS,af-south-1,eu-west-2,147.78
2025-12-03 20:43:49,cloudping.co AWS,af-south-1,eu-west-3,146.17
2025-12-03 20:43:49,cloudping.co AWS,af-south-1,il-central-1,231.49
2025-12-03 20:43:49,cloudping.co AWS,af-south-1,me-central-1,291.96
2025-12-03 20:43:49,cloudping.co AWS,af-south-1,me-south-1,257.59
2025-12-03 20:43:49,cloudping.co AWS,af-south-1,mx-central-1,285.05
2025-12-03 20:43:49,cloudping.co AWS,af-south-1,sa-east-1,343.52
2025-12-03 20:43:49,cloudping.co AWS,af-south-1,us-east-1,228.63
2025-12-03 20:43:49,cloudping.co AWS,af-south-1,us-east-2,240.49
2025-12-03 20:43:49,cloudping.co AWS,af-south-1,us-west-1,288.87
2025-12-03 20:43:49,cloudping.co AWS,af-south-1,us-west-2,275.59
2025-12-03 20:43:49,cloudping.co AWS,ap-east-1,af-south-1,365.42
2025-12-03 20:43:49,cloudping.co AWS,ap-east-1,ap-east-1,3.45
2025-12-03 20:43:49,cloudping.co AWS,ap-east-1,ap-east-2,16.59
2025-12-03 20:43:49,cloudping.co AWS,ap-east-1,ap-northeast-1,52.35
2025-12-03 20:43:49,cloudping.co AWS,ap-east-1,ap-northeast-2,39.13
2025-12-03 20:43:49,cloudping.co AWS,ap-east-1,ap-northeast-3,50.11
2025-12-03 20:43:49,cloudping.co AWS,ap-east-1,ap-south-1,97.32
2025-12-03 20:43:49,cloudping.co AWS,ap-east-1,ap-south-2,81.54
2025-12-03 20:43:49,cloudping.co AWS,ap-east-1,ap-southeast-1,40.71
2025-12-03 20:43:49,cloudping.co AWS,ap-east-1,ap-southeast-2,129.82
2025-12-03 20:43:49,cloudping.co AWS,ap-east-1,ap-southeast-3,53.16
2025-12-03 20:43:49,cloudping.co AWS,ap-east-1,ap-southeast-4,142.99
2025-12-03 20:43:49,cloudping.co AWS,ap-east-1,ap-southeast-5,42.33
2025-12-03 20:43:49,cloudping.co AWS,ap-east-1,ap-southeast-6,155.82
2025-12-03 20:43:49,cloudping.co AWS,ap-east-1,ap-southeast-7,65.36
2025-12-03 20:43:49,cloudping.co AWS,ap-east-1,ca-central-1,205.01
2025-12-03 20:43:49,cloudping.co AWS,ap-east-1,ca-west-1,164.14
2025-12-03 20:43:49,cloudping.co AWS,ap-east-1,eu-central-1,196.67
2025-12-03 20:43:49,cloudping.co AWS,ap-east-1,eu-central-2,188.01
2025-12-03 20:43:49,cloudping.co AWS,ap-east-1,eu-north-1,212.41
2025-12-03 20:43:49,cloudping.co AWS,ap-east-1,eu-south-1,191.10
2025-12-03 20:43:49,cloudping.co AWS,ap-east-1,eu-south-2,214.37
2025-12-03 20:43:49,cloudping.co AWS,ap-east-1,eu-west-1,260.54
2025-12-03 20:43:49,cloudping.co AWS,ap-east-1,eu-west-2,207.96
2025-12-03 20:43:49,cloudping.co AWS,ap-east-1,eu-west-3,200.47
2025-12-03 20:43:49,cloudping.co AWS,ap-east-1,il-central-1,238.46
2025-12-03 20:43:49,cloudping.co AWS,ap-east-1,me-central-1,127.34
2025-12-03 20:43:49,cloudping.co AWS,ap-east-1,me-south-1,132.27
2025-12-03 20:43:49,cloudping.co AWS,ap-east-1,mx-central-1,203.88
2025-12-03 20:43:49,cloudping.co AWS,ap-east-1,sa-east-1,318.97
2025-12-03 20:43:49,cloudping.co AWS,ap-east-1,us-east-1,208.46
2025-12-03 20:43:49,cloudping.co AWS,ap-east-1,us-east-2,195.23
2025-12-03 20:43:49,cloudping.co AWS,ap-east-1,us-west-1,155.57
2025-12-03 20:43:49,cloudping.co AWS,ap-east-1,us-west-2,146.69
2025-12-03 20:43:49,cloudping.co AWS,ap-east-2,af-south-1,379.21
2025-12-03 20:43:49,cloudping.co AWS,ap-east-2,ap-east-1,29.85
2025-12-03 20:43:49,cloudping.co AWS,ap-east-2,ap-east-2,7.82
2025-12-03 20:43:49,cloudping.co AWS,ap-east-2,ap-northeast-1,37.54
2025-12-03 20:43:49,cloudping.co AWS,ap-east-2,ap-northeast-2,66.85
2025-12-03 20:43:49,cloudping.co AWS,ap-east-2,ap-northeast-3,46.55
2025-12-03 20:43:49,cloudping.co AWS,ap-east-2,ap-south-1,123.57
2025-12-03 20:43:49,cloudping.co AWS,ap-east-2,ap-south-2,93.78
2025-12-03 20:43:49,cloudping.co AWS,ap-east-2,ap-southeast-1,56.20
2025-12-03 20:43:49,cloudping.co AWS,ap-east-2,ap-southeast-2,155.34
2025-12-03 20:43:49,cloudping.co AWS,ap-east-2,ap-southeast-3,72.47
2025-12-03 20:43:49,cloudping.co AWS,ap-east-2,ap-southeast-4,164.55
2025-12-03 20:43:49,cloudping.co AWS,ap-east-2,ap-southeast-5,58.98
2025-12-03 20:43:49,cloudping.co AWS,ap-east-2,ap-southeast-6,183.36
2025-12-03 20:43:49,cloudping.co AWS,ap-east-2,ap-southeast-7,79.82
2025-12-03 20:43:49,cloudping.co AWS,ap-east-2,ca-central-1,183.91
2025-12-03 20:43:49,cloudping.co AWS,ap-east-2,ca-west-1,140.71
2025-12-03 20:43:49,cloudping.co AWS,ap-east-2,eu-central-1,207.67
2025-12-03 20:43:49,cloudping.co AWS,ap-east-2,eu-central-2,200.98
2025-12-03 20:43:49,cloudping.co AWS,ap-east-2,eu-north-1,226.06
2025-12-03 20:43:49,cloudping.co AWS,ap-east-2,eu-south-1,195.70
2025-12-03 20:43:49,cloudping.co AWS,ap-east-2,eu-south-2,229.89
2025-12-03 20:43:49,cloudping.co AWS,ap-east-2,eu-west-1,240.93
2025-12-03 20:43:49,cloudping.co AWS,ap-east-2,eu-west-2,248.03
2025-12-03 20:43:49,cloudping.co AWS,ap-east-2,eu-west-3,217.61
2025-12-03 20:43:49,cloudping.co AWS,ap-east-2,il-central-1,250.89
2025-12-03 20:43:49,cloudping.co AWS,ap-east-2,me-central-1,149.55
2025-12-03 20:43:49,cloudping.co AWS,ap-east-2,me-south-1,148.57
2025-12-03 20:43:49,cloudping.co AWS,ap-east-2,mx-central-1,193.13
2025-12-03 20:43:49,cloudping.co AWS,ap-east-2,sa-east-1,296.84
2025-12-03 20:43:49,cloudping.co AWS,ap-east-2,us-east-1,182.15
2025-12-03 20:43:49,cloudping.co AWS,ap-east-2,us-east-2,166.94
2025-12-03 20:43:49,cloudping.co AWS,ap-east-2,us-west-1,143.68
2025-12-03 20:43:49,cloudping.co AWS,ap-east-2,us-west-2,132.48
2025-12-03 20:43:49,cloudping.co AWS,ap-northeast-1,af-south-1,374.95
2025-12-03 20:43:49,cloudping.co AWS,ap-northeast-1,ap-east-1,55.61
2025-12-03 20:43:49,cloudping.co AWS,ap-northeast-1,ap-east-2,36.21
2025-12-03 20:43:49,cloudping.co AWS,ap-northeast-1,ap-northeast-1,7.63
2025-12-03 20:43:49,cloudping.co AWS,ap-northeast-1,ap-northeast-2,38.50
2025-12-03 20:43:49,cloudping.co AWS,ap-northeast-1,ap-northeast-3,11.45
2025-12-03 20:43:49,cloudping.co AWS,ap-northeast-1,ap-south-1,133.96
2025-12-03 20:43:49,cloudping.co AWS,ap-northeast-1,ap-south-2,122.44
2025-12-03 20:43:49,cloudping.co AWS,ap-northeast-1,ap-southeast-1,71.63
2025-12-03 20:43:49,cloudping.co AWS,ap-northeast-1,ap-southeast-2,111.58
2025-12-03 20:43:49,cloudping.co AWS,ap-northeast-1,ap-southeast-3,88.21
2025-12-03 20:43:49,cloudping.co AWS,ap-northeast-1,ap-southeast-4,136.83
2025-12-03 20:43:49,cloudping.co AWS,ap-northeast-1,ap-southeast-5,79.49
2025-12-03 20:43:49,cloudping.co AWS,ap-northeast-1,ap-southeast-6,140.35
2025-12-03 20:43:49,cloudping.co AWS,ap-northeast-1,ap-southeast-7,100.64
2025-12-03 20:43:49,cloudping.co AWS,ap-northeast-1,ca-central-1,160.93
2025-12-03 20:43:49,cloudping.co AWS,ap-northeast-1,ca-west-1,111.36
2025-12-03 20:43:49,cloudping.co AWS,ap-northeast-1,eu-central-1,234.02
2025-12-03 20:43:49,cloudping.co AWS,ap-northeast-1,eu-central-2,224.70
2025-12-03 20:43:49,cloudping.co AWS,ap-northeast-1,eu-north-1,250.04
2025-12-03 20:43:49,cloudping.co AWS,ap-northeast-1,eu-south-1,220.58
2025-12-03 20:43:49,cloudping.co AWS,ap-northeast-1,eu-south-2,239.23
2025-12-03 20:43:49,cloudping.co AWS,ap-northeast-1,eu-west-1,205.66
2025-12-03 20:43:49,cloudping.co AWS,ap-northeast-1,eu-west-2,214.55
2025-12-03 20:43:49,cloudping.co AWS,ap-northeast-1,eu-west-3,224.08
2025-12-03 20:43:49,cloudping.co AWS,ap-northeast-1,il-central-1,274.26
2025-12-03 20:43:49,cloudping.co AWS,ap-northeast-1,me-central-1,171.99
2025-12-03 20:43:49,cloudping.co AWS,ap-northeast-1,me-south-1,175.00
2025-12-03 20:43:49,cloudping.co AWS,ap-northeast-1,mx-central-1,160.84
2025-12-03 20:43:49,cloudping.co AWS,ap-northeast-1,sa-east-1,260.67
2025-12-03 20:43:49,cloudping.co AWS,ap-northeast-1,us-east-1,151.33
2025-12-03 20:43:49,cloudping.co AWS,ap-northeast-1,us-east-2,139.06
2025-12-03 20:43:49,cloudping.co AWS,ap-northeast-1,us-west-1,112.12
2025-12-03 20:43:49,cloudping.co AWS,ap-northeast-1,us-west-2,102.69
2025-12-03 20:43:49,cloudping.co AWS,ap-northeast-2,af-south-1,387.47
2025-12-03 20:43:49,cloudping.co AWS,ap-northeast-2,ap-east-1,40.17
2025-12-03 20:43:49,cloudping.co AWS,ap-northeast-2,ap-east-2,67.03
2025-12-03 20:43:49,cloudping.co AWS,ap-northeast-2,ap-northeast-1,37.53
2025-12-03 20:43:49,cloudping.co AWS,ap-northeast-2,ap-northeast-2,4.22
2025-12-03 20:43:49,cloudping.co AWS,ap-northeast-2,ap-northeast-3,35.05
2025-12-03 20:43:49,cloudping.co AWS,ap-northeast-2,ap-south-1,131.76
2025-12-03 20:43:49,cloudping.co AWS,ap-northeast-2,ap-south-2,119.83
2025-12-03 20:43:49,cloudping.co AWS,ap-northeast-2,ap-southeast-1,72.74
2025-12-03 20:43:49,cloudping.co AWS,ap-northeast-2,ap-southeast-2,153.27
2025-12-03 20:43:49,cloudping.co AWS,ap-northeast-2,ap-southeast-3,87.11
2025-12-03 20:43:49,cloudping.co AWS,ap-northeast-2,ap-southeast-4,162.48
2025-12-03 20:43:49,cloudping.co AWS,ap-northeast-2,ap-southeast-5,77.67
2025-12-03 20:43:49,cloudping.co AWS,ap-northeast-2,ap-southeast-6,176.76
2025-12-03 20:43:49,cloudping.co AWS,ap-northeast-2,ap-southeast-7,99.88
2025-12-03 20:43:49,cloudping.co AWS,ap-northeast-2,ca-central-1,187.00
2025-12-03 20:43:49,cloudping.co AWS,ap-northeast-2,ca-west-1,146.20
2025-12-03 20:43:49,cloudping.co AWS,ap-northeast-2,eu-central-1,238.63
2025-12-03 20:43:49,cloudping.co AWS,ap-northeast-2,eu-central-2,230.28
2025-12-03 20:43:49,cloudping.co AWS,ap-northeast-2,eu-north-1,250.43
2025-12-03 20:43:49,cloudping.co AWS,ap-northeast-2,eu-south-1,221.36
2025-12-03 20:43:49,cloudping.co AWS,ap-northeast-2,eu-south-2,255.65
2025-12-03 20:43:49,cloudping.co AWS,ap-northeast-2,eu-west-1,240.59
2025-12-03 20:43:49,cloudping.co AWS,ap-northeast-2,eu-west-2,252.33
2025-12-03 20:43:49,cloudping.co AWS,ap-northeast-2,eu-west-3,257.75
2025-12-03 20:43:49,cloudping.co AWS,ap-northeast-2,il-central-1,277.86
2025-12-03 20:43:49,cloudping.co AWS,ap-northeast-2,me-central-1,160.16
2025-12-03 20:43:49,cloudping.co AWS,ap-northeast-2,me-south-1,170.71
2025-12-03 20:43:49,cloudping.co AWS,ap-northeast-2,mx-central-1,192.26
2025-12-03 20:43:49,cloudping.co AWS,ap-northeast-2,sa-east-1,299.31
2025-12-03 20:43:49,cloudping.co AWS,ap-northeast-2,us-east-1,184.21
2025-12-03 20:43:49,cloudping.co AWS,ap-northeast-2,us-east-2,170.23
2025-12-03 20:43:49,cloudping.co AWS,ap-northeast-2,us-west-1,139.09
2025-12-03 20:43:49,cloudping.co AWS,ap-northeast-2,us-west-2,129.28
2025-12-03 20:43:49,cloudping.co AWS,ap-northeast-3,af-south-1,383.54
2025-12-03 20:43:49,cloudping.co AWS,ap-northeast-3,ap-east-1,52.80
2025-12-03 20:43:49,cloudping.co AWS,ap-northeast-3,ap-east-2,33.70
2025-12-03 20:43:49,cloudping.co AWS,ap-northeast-3,ap-northeast-1,13.23
2025-12-03 20:43:49,cloudping.co AWS,ap-northeast-3,ap-northeast-2,31.72
2025-12-03 20:43:49,cloudping.co AWS,ap-northeast-3,ap-northeast-3,5.86
2025-12-03 20:43:49,cloudping.co AWS,ap-northeast-3,ap-south-1,140.91
2025-12-03 20:43:49,cloudping.co AWS,ap-northeast-3,ap-south-2,125.81
2025-12-03 20:43:49,cloudping.co AWS,ap-northeast-3,ap-southeast-1,80.60
2025-12-03 20:43:49,cloudping.co AWS,ap-northeast-3,ap-southeast-2,125.50
2025-12-03 20:43:49,cloudping.co AWS,ap-northeast-3,ap-southeast-3,94.53
2025-12-03 20:43:49,cloudping.co AWS,ap-northeast-3,ap-southeast-4,134.79
2025-12-03 20:43:49,cloudping.co AWS,ap-northeast-3,ap-southeast-5,82.19
2025-12-03 20:43:49,cloudping.co AWS,ap-northeast-3,ap-southeast-6,149.68
2025-12-03 20:43:49,cloudping.co AWS,ap-northeast-3,ap-southeast-7,102.99
2025-12-03 20:43:49,cloudping.co AWS,ap-northeast-3,ca-central-1,161.37
2025-12-03 20:43:49,cloudping.co AWS,ap-northeast-3,ca-west-1,116.45
2025-12-03 20:43:49,cloudping.co AWS,ap-northeast-3,eu-central-1,236.82
2025-12-03 20:43:49,cloudping.co AWS,ap-northeast-3,eu-central-2,230.55
2025-12-03 20:43:49,cloudping.co AWS,ap-northeast-3,eu-north-1,255.73
2025-12-03 20:43:49,cloudping.co AWS,ap-northeast-3,eu-south-1,227.77
2025-12-03 20:43:49,cloudping.co AWS,ap-northeast-3,eu-south-2,244.50
2025-12-03 20:43:49,cloudping.co AWS,ap-northeast-3,eu-west-1,215.87
2025-12-03 20:43:49,cloudping.co AWS,ap-northeast-3,eu-west-2,227.34
2025-12-03 20:43:49,cloudping.co AWS,ap-northeast-3,eu-west-3,232.84
2025-12-03 20:43:49,cloudping.co AWS,ap-northeast-3,il-central-1,281.81
2025-12-03 20:43:49,cloudping.co AWS,ap-northeast-3,me-central-1,168.15
2025-12-03 20:43:49,cloudping.co AWS,ap-northeast-3,me-south-1,166.63
2025-12-03 20:43:49,cloudping.co AWS,ap-northeast-3,mx-central-1,163.89
2025-12-03 20:43:49,cloudping.co AWS,ap-northeast-3,sa-east-1,272.15
2025-12-03 20:43:49,cloudping.co AWS,ap-northeast-3,us-east-1,160.35
2025-12-03 20:43:49,cloudping.co AWS,ap-northeast-3,us-east-2,147.30
2025-12-03 20:43:49,cloudping.co AWS,ap-northeast-3,us-west-1,112.36
2025-12-03 20:43:49,cloudping.co AWS,ap-northeast-3,us-west-2,103.97
2025-12-03 20:43:49,cloudping.co AWS,ap-south-1,af-south-1,282.50
2025-12-03 20:43:49,cloudping.co AWS,ap-south-1,ap-east-1,100.02
2025-12-03 20:43:49,cloudping.co AWS,ap-south-1,ap-east-2,111.46
2025-12-03 20:43:49,cloudping.co AWS,ap-south-1,ap-northeast-1,133.30
2025-12-03 20:43:49,cloudping.co AWS,ap-south-1,ap-northeast-2,134.49
2025-12-03 20:43:49,cloudping.co AWS,ap-south-1,ap-northeast-3,140.01
2025-12-03 20:43:49,cloudping.co AWS,ap-south-1,ap-south-1,5.66
2025-12-03 20:43:49,cloudping.co AWS,ap-south-1,ap-south-2,16.61
2025-12-03 20:43:49,cloudping.co AWS,ap-south-1,ap-southeast-1,65.24
2025-12-03 20:43:49,cloudping.co AWS,ap-south-1,ap-southeast-2,155.60
2025-12-03 20:43:49,cloudping.co AWS,ap-south-1,ap-southeast-3,80.10
2025-12-03 20:43:49,cloudping.co AWS,ap-south-1,ap-southeast-4,167.28
2025-12-03 20:43:49,cloudping.co AWS,ap-south-1,ap-southeast-5,70.22
2025-12-03 20:43:49,cloudping.co AWS,ap-south-1,ap-southeast-6,183.67
2025-12-03 20:43:49,cloudping.co AWS,ap-south-1,ap-southeast-7,91.43
2025-12-03 20:43:49,cloudping.co AWS,ap-south-1,ca-central-1,190.56
2025-12-03 20:43:49,cloudping.co AWS,ap-south-1,ca-west-1,249.08
2025-12-03 20:43:49,cloudping.co AWS,ap-south-1,eu-central-1,121.75
2025-12-03 20:43:49,cloudping.co AWS,ap-south-1,eu-central-2,115.62
2025-12-03 20:43:49,cloudping.co AWS,ap-south-1,eu-north-1,141.38
2025-12-03 20:43:49,cloudping.co AWS,ap-south-1,eu-south-1,115.20
2025-12-03 20:43:49,cloudping.co AWS,ap-south-1,eu-south-2,121.07
2025-12-03 20:43:49,cloudping.co AWS,ap-south-1,eu-west-1,123.54
2025-12-03 20:43:49,cloudping.co AWS,ap-south-1,eu-west-2,118.19
2025-12-03 20:43:49,cloudping.co AWS,ap-south-1,eu-west-3,107.87
2025-12-03 20:43:49,cloudping.co AWS,ap-south-1,il-central-1,136.98
2025-12-03 20:43:49,cloudping.co AWS,ap-south-1,me-central-1,34.72
2025-12-03 20:43:49,cloudping.co AWS,ap-south-1,me-south-1,37.92
2025-12-03 20:43:49,cloudping.co AWS,ap-south-1,mx-central-1,244.16
2025-12-03 20:43:49,cloudping.co AWS,ap-south-1,sa-east-1,299.91
2025-12-03 20:43:49,cloudping.co AWS,ap-south-1,us-east-1,189.43
2025-12-03 20:43:49,cloudping.co AWS,ap-south-1,us-east-2,198.72
2025-12-03 20:43:49,cloudping.co AWS,ap-south-1,us-west-1,245.46
2025-12-03 20:43:49,cloudping.co AWS,ap-south-1,us-west-2,230.90
2025-12-03 20:43:49,cloudping.co AWS,ap-south-2,af-south-1,314.29
2025-12-03 20:43:49,cloudping.co AWS,ap-south-2,ap-east-1,79.06
2025-12-03 20:43:49,cloudping.co AWS,ap-south-2,ap-east-2,91.88
2025-12-03 20:43:49,cloudping.co AWS,ap-south-2,ap-northeast-1,115.44
2025-12-03 20:43:49,cloudping.co AWS,ap-south-2,ap-northeast-2,117.18
2025-12-03 20:43:49,cloudping.co AWS,ap-south-2,ap-northeast-3,127.63
2025-12-03 20:43:49,cloudping.co AWS,ap-south-2,ap-south-1,19.54
2025-12-03 20:43:49,cloudping.co AWS,ap-south-2,ap-south-2,10.86
2025-12-03 20:43:49,cloudping.co AWS,ap-south-2,ap-southeast-1,48.05
2025-12-03 20:43:49,cloudping.co AWS,ap-south-2,ap-southeast-2,139.69
2025-12-03 20:43:49,cloudping.co AWS,ap-south-2,ap-southeast-3,64.94
2025-12-03 20:43:49,cloudping.co AWS,ap-south-2,ap-southeast-4,150.40
2025-12-03 20:43:49,cloudping.co AWS,ap-south-2,ap-southeast-5,52.80
2025-12-03 20:43:49,cloudping.co AWS,ap-south-2,ap-southeast-6,170.24
2025-12-03 20:43:49,cloudping.co AWS,ap-south-2,ap-southeast-7,77.34
2025-12-03 20:43:49,cloudping.co AWS,ap-south-2,ca-central-1,206.44
2025-12-03 20:43:49,cloudping.co AWS,ap-south-2,ca-west-1,227.99
2025-12-03 20:43:49,cloudping.co AWS,ap-south-2,eu-central-1,153.53
2025-12-03 20:43:49,cloudping.co AWS,ap-south-2,eu-central-2,144.08
2025-12-03 20:43:49,cloudping.co AWS,ap-south-2,eu-north-1,171.97
2025-12-03 20:43:49,cloudping.co AWS,ap-south-2,eu-south-1,131.97
2025-12-03 20:43:49,cloudping.co AWS,ap-south-2,eu-south-2,150.67
2025-12-03 20:43:49,cloudping.co AWS,ap-south-2,eu-west-1,155.91
2025-12-03 20:43:49,cloudping.co AWS,ap-south-2,eu-west-2,150.43
2025-12-03 20:43:49,cloudping.co AWS,ap-south-2,eu-west-3,136.06
2025-12-03 20:43:49,cloudping.co AWS,ap-south-2,il-central-1,166.09
2025-12-03 20:43:49,cloudping.co AWS,ap-south-2,me-central-1,49.19
2025-12-03 20:43:49,cloudping.co AWS,ap-south-2,me-south-1,55.87
2025-12-03 20:43:49,cloudping.co AWS,ap-south-2,mx-central-1,253.32
2025-12-03 20:43:49,cloudping.co AWS,ap-south-2,sa-east-1,320.11
2025-12-03 20:43:49,cloudping.co AWS,ap-south-2,us-east-1,203.29
2025-12-03 20:43:49,cloudping.co AWS,ap-south-2,us-east-2,212.20
2025-12-03 20:43:49,cloudping.co AWS,ap-south-2,us-west-1,223.33
2025-12-03 20:43:49,cloudping.co AWS,ap-south-2,us-west-2,210.80
2025-12-03 20:43:49,cloudping.co AWS,ap-southeast-1,af-south-1,334.67
2025-12-03 20:43:49,cloudping.co AWS,ap-southeast-1,ap-east-1,37.78
2025-12-03 20:43:49,cloudping.co AWS,ap-southeast-1,ap-east-2,53.76
2025-12-03 20:43:49,cloudping.co AWS,ap-southeast-1,ap-northeast-1,73.87
2025-12-03 20:43:49,cloudping.co AWS,ap-southeast-1,ap-northeast-2,76.33
2025-12-03 20:43:49,cloudping.co AWS,ap-southeast-1,ap-northeast-3,78.34
2025-12-03 20:43:49,cloudping.co AWS,ap-southeast-1,ap-south-1,69.02
2025-12-03 20:43:49,cloudping.co AWS,ap-southeast-1,ap-south-2,48.91
2025-12-03 20:43:49,cloudping.co AWS,ap-southeast-1,ap-southeast-1,5.44
2025-12-03 20:43:49,cloudping.co AWS,ap-southeast-1,ap-southeast-2,94.95
2025-12-03 20:43:49,cloudping.co AWS,ap-southeast-1,ap-southeast-3,18.05
2025-12-03 20:43:49,cloudping.co AWS,ap-southeast-1,ap-southeast-4,106.15
2025-12-03 20:43:49,cloudping.co AWS,ap-southeast-1,ap-southeast-5,10.79
2025-12-03 20:43:49,cloudping.co AWS,ap-southeast-1,ap-southeast-6,123.55
2025-12-03 20:43:49,cloudping.co AWS,ap-southeast-1,ap-southeast-7,34.90
2025-12-03 20:43:49,cloudping.co AWS,ap-southeast-1,ca-central-1,230.01
2025-12-03 20:43:49,cloudping.co AWS,ap-southeast-1,ca-west-1,175.61
2025-12-03 20:43:49,cloudping.co AWS,ap-southeast-1,eu-central-1,165.49
2025-12-03 20:43:49,cloudping.co AWS,ap-southeast-1,eu-central-2,158.41
2025-12-03 20:43:49,cloudping.co AWS,ap-southeast-1,eu-north-1,187.15
2025-12-03 20:43:49,cloudping.co AWS,ap-southeast-1,eu-south-1,154.88
2025-12-03 20:43:49,cloudping.co AWS,ap-southeast-1,eu-south-2,176.72
2025-12-03 20:43:49,cloudping.co AWS,ap-southeast-1,eu-west-1,195.03
2025-12-03 20:43:49,cloudping.co AWS,ap-southeast-1,eu-west-2,172.17
2025-12-03 20:43:49,cloudping.co AWS,ap-southeast-1,eu-west-3,167.87
2025-12-03 20:43:49,cloudping.co AWS,ap-southeast-1,il-central-1,206.08
2025-12-03 20:43:49,cloudping.co AWS,ap-southeast-1,me-central-1,94.69
2025-12-03 20:43:49,cloudping.co AWS,ap-southeast-1,me-south-1,99.08
2025-12-03 20:43:49,cloudping.co AWS,ap-southeast-1,mx-central-1,234.00
2025-12-03 20:43:49,cloudping.co AWS,ap-southeast-1,sa-east-1,330.90
2025-12-03 20:43:49,cloudping.co AWS,ap-southeast-1,us-east-1,216.06
2025-12-03 20:43:49,cloudping.co AWS,ap-southeast-1,us-east-2,207.67
2025-12-03 20:43:49,cloudping.co AWS,ap-southeast-1,us-west-1,180.88
2025-12-03 20:43:49,cloudping.co AWS,ap-southeast-1,us-west-2,167.76
2025-12-03 20:43:49,cloudping.co AWS,ap-southeast-2,af-south-1,411.29
2025-12-03 20:43:49,cloudping.co AWS,ap-southeast-2,ap-east-1,129.37
2025-12-03 20:43:49,cloudping.co AWS,ap-southeast-2,ap-east-2,152.62
2025-12-03 20:43:49,cloudping.co AWS,ap-southeast-2,ap-northeast-1,108.53
2025-12-03 20:43:49,cloudping.co AWS,ap-southeast-2,ap-northeast-2,153.70
2025-12-03 20:43:49,cloudping.co AWS,ap-southeast-2,ap-northeast-3,126.27
2025-12-03 20:43:49,cloudping.co AWS,ap-southeast-2,ap-south-1,156.94
2025-12-03 20:43:49,cloudping.co AWS,ap-southeast-2,ap-south-2,142.21
2025-12-03 20:43:49,cloudping.co AWS,ap-southeast-2,ap-southeast-1,97.24
2025-12-03 20:43:49,cloudping.co AWS,ap-southeast-2,ap-southeast-2,2.09
2025-12-03 20:43:49,cloudping.co AWS,ap-southeast-2,ap-southeast-3,111.83
2025-12-03 20:43:49,cloudping.co AWS,ap-southeast-2,ap-southeast-4,13.51
2025-12-03 20:43:49,cloudping.co AWS,ap-southeast-2,ap-southeast-5,101.79
2025-12-03 20:43:49,cloudping.co AWS,ap-southeast-2,ap-southeast-6,31.43
2025-12-03 20:43:49,cloudping.co AWS,ap-southeast-2,ap-southeast-7,122.76
2025-12-03 20:43:49,cloudping.co AWS,ap-southeast-2,ca-central-1,200.53
2025-12-03 20:43:49,cloudping.co AWS,ap-southeast-2,ca-west-1,161.62
2025-12-03 20:43:49,cloudping.co AWS,ap-southeast-2,eu-central-1,260.80
2025-12-03 20:43:49,cloudping.co AWS,ap-southeast-2,eu-central-2,255.32
2025-12-03 20:43:49,cloudping.co AWS,ap-southeast-2,eu-north-1,274.40
2025-12-03 20:43:49,cloudping.co AWS,ap-southeast-2,eu-south-1,245.87
2025-12-03 20:43:49,cloudping.co AWS,ap-southeast-2,eu-south-2,287.92
2025-12-03 20:43:49,cloudping.co AWS,ap-southeast-2,eu-west-1,255.45
2025-12-03 20:43:49,cloudping.co AWS,ap-southeast-2,eu-west-2,265.63
2025-12-03 20:43:49,cloudping.co AWS,ap-southeast-2,eu-west-3,280.62
2025-12-03 20:43:49,cloudping.co AWS,ap-southeast-2,il-central-1,293.77
2025-12-03 20:43:49,cloudping.co AWS,ap-southeast-2,me-central-1,183.80
2025-12-03 20:43:49,cloudping.co AWS,ap-southeast-2,me-south-1,186.56
2025-12-03 20:43:49,cloudping.co AWS,ap-southeast-2,mx-central-1,204.00
2025-12-03 20:43:49,cloudping.co AWS,ap-southeast-2,sa-east-1,314.25
2025-12-03 20:43:49,cloudping.co AWS,ap-southeast-2,us-east-1,199.76
2025-12-03 20:43:49,cloudping.co AWS,ap-southeast-2,us-east-2,189.00
2025-12-03 20:43:49,cloudping.co AWS,ap-southeast-2,us-west-1,142.20
2025-12-03 20:43:49,cloudping.co AWS,ap-southeast-2,us-west-2,145.92
2025-12-03 20:43:49,cloudping.co AWS,ap-southeast-3,af-south-1,347.07
2025-12-03 20:43:49,cloudping.co AWS,ap-southeast-3,ap-east-1,55.05
2025-12-03 20:43:49,cloudping.co AWS,ap-southeast-3,ap-east-2,71.52
2025-12-03 20:43:49,cloudping.co AWS,ap-southeast-3,ap-northeast-1,90.39
2025-12-03 20:43:49,cloudping.co AWS,ap-southeast-3,ap-northeast-2,89.97
2025-12-03 20:43:49,cloudping.co AWS,ap-southeast-3,ap-northeast-3,99.44
2025-12-03 20:43:49,cloudping.co AWS,ap-southeast-3,ap-south-1,86.28
2025-12-03 20:43:49,cloudping.co AWS,ap-southeast-3,ap-south-2,73.80
2025-12-03 20:43:49,cloudping.co AWS,ap-southeast-3,ap-southeast-1,20.02
2025-12-03 20:43:49,cloudping.co AWS,ap-southeast-3,ap-southeast-2,114.80
2025-12-03 20:43:49,cloudping.co AWS,ap-southeast-3,ap-southeast-3,3.78
2025-12-03 20:43:49,cloudping.co AWS,ap-southeast-3,ap-southeast-4,126.97
2025-12-03 20:43:49,cloudping.co AWS,ap-southeast-3,ap-southeast-5,28.21
2025-12-03 20:43:49,cloudping.co AWS,ap-southeast-3,ap-southeast-6,145.60
2025-12-03 20:43:49,cloudping.co AWS,ap-southeast-3,ap-southeast-7,54.57
2025-12-03 20:43:49,cloudping.co AWS,ap-southeast-3,ca-central-1,248.77
2025-12-03 20:43:49,cloudping.co AWS,ap-southeast-3,ca-west-1,199.06
2025-12-03 20:43:49,cloudping.co AWS,ap-southeast-3,eu-central-1,186.54
2025-12-03 20:43:49,cloudping.co AWS,ap-southeast-3,eu-central-2,179.34
2025-12-03 20:43:49,cloudping.co AWS,ap-southeast-3,eu-north-1,211.23
2025-12-03 20:43:49,cloudping.co AWS,ap-southeast-3,eu-south-1,175.41
2025-12-03 20:43:49,cloudping.co AWS,ap-southeast-3,eu-south-2,192.82
2025-12-03 20:43:49,cloudping.co AWS,ap-southeast-3,eu-west-1,217.00
2025-12-03 20:43:49,cloudping.co AWS,ap-southeast-3,eu-west-2,189.50
2025-12-03 20:43:49,cloudping.co AWS,ap-southeast-3,eu-west-3,188.95
2025-12-03 20:43:49,cloudping.co AWS,ap-southeast-3,il-central-1,220.43
2025-12-03 20:43:49,cloudping.co AWS,ap-southeast-3,me-central-1,118.60
2025-12-03 20:43:49,cloudping.co AWS,ap-southeast-3,me-south-1,114.86
2025-12-03 20:43:49,cloudping.co AWS,ap-southeast-3,mx-central-1,258.50
2025-12-03 20:43:49,cloudping.co AWS,ap-southeast-3,sa-east-1,358.73
2025-12-03 20:43:49,cloudping.co AWS,ap-southeast-3,us-east-1,235.89
2025-12-03 20:43:49,cloudping.co AWS,ap-southeast-3,us-east-2,220.85
2025-12-03 20:43:49,cloudping.co AWS,ap-southeast-3,us-west-1,202.08
2025-12-03 20:43:49,cloudping.co AWS,ap-southeast-3,us-west-2,182.41
2025-12-03 20:43:49,cloudping.co AWS,ap-southeast-4,af-south-1,420.32
2025-12-03 20:43:49,cloudping.co AWS,ap-southeast-4,ap-east-1,145.21
2025-12-03 20:43:49,cloudping.co AWS,ap-southeast-4,ap-east-2,164.41
2025-12-03 20:43:49,cloudping.co AWS,ap-southeast-4,ap-northeast-1,135.55
2025-12-03 20:43:49,cloudping.co AWS,ap-southeast-4,ap-northeast-2,163.61
2025-12-03 20:43:49,cloudping.co AWS,ap-southeast-4,ap-northeast-3,138.39
2025-12-03 20:43:49,cloudping.co AWS,ap-southeast-4,ap-south-1,175.52
2025-12-03 20:43:49,cloudping.co AWS,ap-southeast-4,ap-south-2,155.46
2025-12-03 20:43:49,cloudping.co AWS,ap-southeast-4,ap-southeast-1,105.95
2025-12-03 20:43:49,cloudping.co AWS,ap-southeast-4,ap-southeast-2,17.27
2025-12-03 20:43:49,cloudping.co AWS,ap-southeast-4,ap-southeast-3,122.96
2025-12-03 20:43:49,cloudping.co AWS,ap-southeast-4,ap-southeast-4,4.90
2025-12-03 20:43:49,cloudping.co AWS,ap-southeast-4,ap-southeast-5,111.54
2025-12-03 20:43:49,cloudping.co AWS,ap-southeast-4,ap-southeast-6,45.01
2025-12-03 20:43:49,cloudping.co AWS,ap-southeast-4,ap-southeast-7,134.32
2025-12-03 20:43:49,cloudping.co AWS,ap-southeast-4,ca-central-1,211.74
2025-12-03 20:43:49,cloudping.co AWS,ap-southeast-4,ca-west-1,172.35
2025-12-03 20:43:49,cloudping.co AWS,ap-southeast-4,eu-central-1,267.08
2025-12-03 20:43:49,cloudping.co AWS,ap-southeast-4,eu-central-2,259.39
2025-12-03 20:43:49,cloudping.co AWS,ap-southeast-4,eu-north-1,286.03
2025-12-03 20:43:49,cloudping.co AWS,ap-southeast-4,eu-south-1,255.00
2025-12-03 20:43:49,cloudping.co AWS,ap-southeast-4,eu-south-2,299.08
2025-12-03 20:43:49,cloudping.co AWS,ap-southeast-4,eu-west-1,268.68
2025-12-03 20:43:49,cloudping.co AWS,ap-southeast-4,eu-west-2,279.55
2025-12-03 20:43:49,cloudping.co AWS,ap-southeast-4,eu-west-3,291.54
2025-12-03 20:43:49,cloudping.co AWS,ap-southeast-4,il-central-1,307.62
2025-12-03 20:43:49,cloudping.co AWS,ap-southeast-4,me-central-1,199.51
2025-12-03 20:43:49,cloudping.co AWS,ap-southeast-4,me-south-1,198.91
2025-12-03 20:43:49,cloudping.co AWS,ap-southeast-4,mx-central-1,217.44
2025-12-03 20:43:49,cloudping.co AWS,ap-southeast-4,sa-east-1,328.07
2025-12-03 20:43:49,cloudping.co AWS,ap-southeast-4,us-east-1,211.71
2025-12-03 20:43:49,cloudping.co AWS,ap-southeast-4,us-east-2,200.94
2025-12-03 20:43:49,cloudping.co AWS,ap-southeast-4,us-west-1,151.02
2025-12-03 20:43:49,cloudping.co AWS,ap-southeast-4,us-west-2,153.67
2025-12-03 20:43:49,cloudping.co AWS,ap-southeast-5,af-south-1,340.21
2025-12-03 20:43:49,cloudping.co AWS,ap-southeast-5,ap-east-1,46.05
2025-12-03 20:43:49,cloudping.co AWS,ap-southeast-5,ap-east-2,63.11
2025-12-03 20:43:49,cloudping.co AWS,ap-southeast-5,ap-northeast-1,78.24
2025-12-03 20:43:49,cloudping.co AWS,ap-southeast-5,ap-northeast-2,79.44
2025-12-03 20:43:49,cloudping.co AWS,ap-southeast-5,ap-northeast-3,88.87
2025-12-03 20:43:49,cloudping.co AWS,ap-southeast-5,ap-south-1,75.17
2025-12-03 20:43:49,cloudping.co AWS,ap-southeast-5,ap-south-2,55.95
2025-12-03 20:43:49,cloudping.co AWS,ap-southeast-5,ap-southeast-1,14.10
2025-12-03 20:43:49,cloudping.co AWS,ap-southeast-5,ap-southeast-2,101.11
2025-12-03 20:43:49,cloudping.co AWS,ap-southeast-5,ap-southeast-3,25.85
2025-12-03 20:43:49,cloudping.co AWS,ap-southeast-5,ap-southeast-4,112.13
2025-12-03 20:43:49,cloudping.co AWS,ap-southeast-5,ap-southeast-5,3.04
2025-12-03 20:43:49,cloudping.co AWS,ap-southeast-5,ap-southeast-6,127.16
2025-12-03 20:43:49,cloudping.co AWS,ap-southeast-5,ap-southeast-7,24.12
2025-12-03 20:43:49,cloudping.co AWS,ap-southeast-5,ca-central-1,232.31
2025-12-03 20:43:49,cloudping.co AWS,ap-southeast-5,ca-west-1,188.34
2025-12-03 20:43:49,cloudping.co AWS,ap-southeast-5,eu-central-1,174.07
2025-12-03 20:43:49,cloudping.co AWS,ap-southeast-5,eu-central-2,162.29
2025-12-03 20:43:49,cloudping.co AWS,ap-southeast-5,eu-north-1,193.84
2025-12-03 20:43:49,cloudping.co AWS,ap-southeast-5,eu-south-1,166.14
2025-12-03 20:43:49,cloudping.co AWS,ap-southeast-5,eu-south-2,182.57
2025-12-03 20:43:49,cloudping.co AWS,ap-southeast-5,eu-west-1,187.98
2025-12-03 20:43:49,cloudping.co AWS,ap-southeast-5,eu-west-2,181.97
2025-12-03 20:43:49,cloudping.co AWS,ap-southeast-5,eu-west-3,173.35
2025-12-03 20:43:49,cloudping.co AWS,ap-southeast-5,il-central-1,210.28
2025-12-03 20:43:49,cloudping.co AWS,ap-southeast-5,me-central-1,97.07
2025-12-03 20:43:49,cloudping.co AWS,ap-southeast-5,me-south-1,100.75
2025-12-03 20:43:49,cloudping.co AWS,ap-southeast-5,mx-central-1,239.02
2025-12-03 20:43:49,cloudping.co AWS,ap-southeast-5,sa-east-1,337.51
2025-12-03 20:43:49,cloudping.co AWS,ap-southeast-5,us-east-1,227.48
2025-12-03 20:43:49,cloudping.co AWS,ap-southeast-5,us-east-2,211.80
2025-12-03 20:43:49,cloudping.co AWS,ap-southeast-5,us-west-1,187.50
2025-12-03 20:43:49,cloudping.co AWS,ap-southeast-5,us-west-2,173.14
2025-12-03 20:43:49,cloudping.co AWS,ap-southeast-6,af-south-1,445.57
2025-12-03 20:43:49,cloudping.co AWS,ap-southeast-6,ap-east-1,167.56
2025-12-03 20:43:49,cloudping.co AWS,ap-southeast-6,ap-east-2,182.34
2025-12-03 20:43:49,cloudping.co AWS,ap-southeast-6,ap-northeast-1,146.39
2025-12-03 20:43:49,cloudping.co AWS,ap-southeast-6,ap-northeast-2,182.21
2025-12-03 20:43:49,cloudping.co AWS,ap-southeast-6,ap-northeast-3,158.66
2025-12-03 20:43:49,cloudping.co AWS,ap-southeast-6,ap-south-1,202.78
2025-12-03 20:43:49,cloudping.co AWS,ap-southeast-6,ap-south-2,172.04
2025-12-03 20:43:49,cloudping.co AWS,ap-southeast-6,ap-southeast-1,123.83
2025-12-03 20:43:49,cloudping.co AWS,ap-southeast-6,ap-southeast-2,27.47
2025-12-03 20:43:49,cloudping.co AWS,ap-southeast-6,ap-southeast-3,140.42
2025-12-03 20:43:49,cloudping.co AWS,ap-southeast-6,ap-southeast-4,43.07
2025-12-03 20:43:49,cloudping.co AWS,ap-southeast-6,ap-southeast-5,135.00
2025-12-03 20:43:49,cloudping.co AWS,ap-southeast-6,ap-southeast-6,1.51
2025-12-03 20:43:49,cloudping.co AWS,ap-southeast-6,ap-southeast-7,152.15
2025-12-03 20:43:49,cloudping.co AWS,ap-southeast-6,ca-central-1,239.94
2025-12-03 20:43:49,cloudping.co AWS,ap-southeast-6,ca-west-1,197.98
2025-12-03 20:43:49,cloudping.co AWS,ap-southeast-6,eu-central-1,299.43
2025-12-03 20:43:49,cloudping.co AWS,ap-southeast-6,eu-central-2,281.34
2025-12-03 20:43:49,cloudping.co AWS,ap-southeast-6,eu-north-1,317.69
2025-12-03 20:43:49,cloudping.co AWS,ap-southeast-6,eu-south-1,286.65
2025-12-03 20:43:49,cloudping.co AWS,ap-southeast-6,eu-south-2,320.59
2025-12-03 20:43:49,cloudping.co AWS,ap-southeast-6,eu-west-1,293.59
2025-12-03 20:43:49,cloudping.co AWS,ap-southeast-6,eu-west-2,302.43
2025-12-03 20:43:49,cloudping.co AWS,ap-southeast-6,eu-west-3,312.59
2025-12-03 20:43:49,cloudping.co AWS,ap-southeast-6,il-central-1,331.16
2025-12-03 20:43:49,cloudping.co AWS,ap-southeast-6,me-central-1,215.51
2025-12-03 20:43:49,cloudping.co AWS,ap-southeast-6,me-south-1,215.73
2025-12-03 20:43:49,cloudping.co AWS,ap-southeast-6,mx-central-1,241.57
2025-12-03 20:43:49,cloudping.co AWS,ap-southeast-6,sa-east-1,356.61
2025-12-03 20:43:49,cloudping.co AWS,ap-southeast-6,us-east-1,227.51
2025-12-03 20:43:49,cloudping.co AWS,ap-southeast-6,us-east-2,217.52
2025-12-03 20:43:49,cloudping.co AWS,ap-southeast-6,us-west-1,167.81
2025-12-03 20:43:49,cloudping.co AWS,ap-southeast-6,us-west-2,181.86
2025-12-03 20:43:49,cloudping.co AWS,ap-southeast-7,af-south-1,374.69
2025-12-03 20:43:49,cloudping.co AWS,ap-southeast-7,ap-east-1,66.59
2025-12-03 20:43:49,cloudping.co AWS,ap-southeast-7,ap-east-2,86.10
2025-12-03 20:43:49,cloudping.co AWS,ap-southeast-7,ap-northeast-1,99.34
2025-12-03 20:43:49,cloudping.co AWS,ap-southeast-7,ap-northeast-2,99.54
2025-12-03 20:43:49,cloudping.co AWS,ap-southeast-7,ap-northeast-3,117.70
2025-12-03 20:43:49,cloudping.co AWS,ap-southeast-7,ap-south-1,101.26
2025-12-03 20:43:49,cloudping.co AWS,ap-southeast-7,ap-south-2,81.15
2025-12-03 20:43:49,cloudping.co AWS,ap-southeast-7,ap-southeast-1,30.95
2025-12-03 20:43:49,cloudping.co AWS,ap-southeast-7,ap-southeast-2,125.32
2025-12-03 20:43:49,cloudping.co AWS,ap-southeast-7,ap-southeast-3,51.34
2025-12-03 20:43:49,cloudping.co AWS,ap-southeast-7,ap-southeast-4,135.45
2025-12-03 20:43:49,cloudping.co AWS,ap-southeast-7,ap-southeast-5,30.55
2025-12-03 20:43:49,cloudping.co AWS,ap-southeast-7,ap-southeast-6,148.82
2025-12-03 20:43:49,cloudping.co AWS,ap-southeast-7,ap-southeast-7,2.29
2025-12-03 20:43:49,cloudping.co AWS,ap-southeast-7,ca-central-1,256.71
2025-12-03 20:43:49,cloudping.co AWS,ap-southeast-7,ca-west-1,202.91
2025-12-03 20:43:49,cloudping.co AWS,ap-southeast-7,eu-central-1,200.39
2025-12-03 20:43:49,cloudping.co AWS,ap-southeast-7,eu-central-2,190.13
2025-12-03 20:43:49,cloudping.co AWS,ap-southeast-7,eu-north-1,215.49
2025-12-03 20:43:49,cloudping.co AWS,ap-southeast-7,eu-south-1,183.72
2025-12-03 20:43:49,cloudping.co AWS,ap-southeast-7,eu-south-2,208.23
2025-12-03 20:43:49,cloudping.co AWS,ap-southeast-7,eu-west-1,218.31
2025-12-03 20:43:49,cloudping.co AWS,ap-southeast-7,eu-west-2,200.42
2025-12-03 20:43:49,cloudping.co AWS,ap-southeast-7,eu-west-3,193.79
2025-12-03 20:43:49,cloudping.co AWS,ap-southeast-7,il-central-1,238.15
2025-12-03 20:43:49,cloudping.co AWS,ap-southeast-7,me-central-1,123.69
2025-12-03 20:43:49,cloudping.co AWS,ap-southeast-7,me-south-1,125.11
2025-12-03 20:43:49,cloudping.co AWS,ap-southeast-7,mx-central-1,262.63
2025-12-03 20:43:49,cloudping.co AWS,ap-southeast-7,sa-east-1,372.81
2025-12-03 20:43:49,cloudping.co AWS,ap-southeast-7,us-east-1,245.33
2025-12-03 20:43:49,cloudping.co AWS,ap-southeast-7,us-east-2,233.26
2025-12-03 20:43:49,cloudping.co AWS,ap-southeast-7,us-west-1,208.79
2025-12-03 20:43:49,cloudping.co AWS,ap-southeast-7,us-west-2,195.73
2025-12-03 20:43:49,cloudping.co AWS,ca-central-1,af-south-1,225.53
2025-12-03 20:43:49,cloudping.co AWS,ca-central-1,ap-east-1,207.31
2025-12-03 20:43:49,cloudping.co AWS,ca-central-1,ap-east-2,183.63
2025-12-03 20:43:49,cloudping.co AWS,ca-central-1,ap-northeast-1,153.70
2025-12-03 20:43:49,cloudping.co AWS,ca-central-1,ap-northeast-2,186.77
2025-12-03 20:43:49,cloudping.co AWS,ca-central-1,ap-northeast-3,160.58
2025-12-03 20:43:49,cloudping.co AWS,ca-central-1,ap-south-1,190.56
2025-12-03 20:43:49,cloudping.co AWS,ca-central-1,ap-south-2,208.21
2025-12-03 20:43:49,cloudping.co AWS,ca-central-1,ap-southeast-1,228.10
2025-12-03 20:43:49,cloudping.co AWS,ca-central-1,ap-southeast-2,201.09
2025-12-03 20:43:49,cloudping.co AWS,ca-central-1,ap-southeast-3,243.90
2025-12-03 20:43:49,cloudping.co AWS,ca-central-1,ap-southeast-4,210.37
2025-12-03 20:43:49,cloudping.co AWS,ca-central-1,ap-southeast-5,235.18
2025-12-03 20:43:49,cloudping.co AWS,ca-central-1,ap-southeast-6,235.91
2025-12-03 20:43:49,cloudping.co AWS,ca-central-1,ap-southeast-7,257.53
2025-12-03 20:43:49,cloudping.co AWS,ca-central-1,ca-central-1,7.13
2025-12-03 20:43:49,cloudping.co AWS,ca-central-1,ca-west-1,49.69
2025-12-03 20:43:49,cloudping.co AWS,ca-central-1,eu-central-1,96.62
2025-12-03 20:43:49,cloudping.co AWS,ca-central-1,eu-central-2,99.19
2025-12-03 20:43:49,cloudping.co AWS,ca-central-1,eu-north-1,107.87
2025-12-03 20:43:49,cloudping.co AWS,ca-central-1,eu-south-1,103.79
2025-12-03 20:43:49,cloudping.co AWS,ca-central-1,eu-south-2,107.90
2025-12-03 20:43:49,cloudping.co AWS,ca-central-1,eu-west-1,72.13
2025-12-03 20:43:49,cloudping.co AWS,ca-central-1,eu-west-2,82.01
2025-12-03 20:43:49,cloudping.co AWS,ca-central-1,eu-west-3,88.20
2025-12-03 20:43:49,cloudping.co AWS,ca-central-1,il-central-1,138.52
2025-12-03 20:43:49,cloudping.co AWS,ca-central-1,me-central-1,200.84
2025-12-03 20:43:49,cloudping.co AWS,ca-central-1,me-south-1,170.09
2025-12-03 20:43:49,cloudping.co AWS,ca-central-1,mx-central-1,73.57
2025-12-03 20:43:49,cloudping.co AWS,ca-central-1,sa-east-1,127.66
2025-12-03 20:43:49,cloudping.co AWS,ca-central-1,us-east-1,22.57
2025-12-03 20:43:49,cloudping.co AWS,ca-central-1,us-east-2,26.47
2025-12-03 20:43:49,cloudping.co AWS,ca-central-1,us-west-1,82.06
2025-12-03 20:43:49,cloudping.co AWS,ca-central-1,us-west-2,65.85
2025-12-03 20:43:49,cloudping.co AWS,ca-west-1,af-south-1,298.63
2025-12-03 20:43:49,cloudping.co AWS,ca-west-1,ap-east-1,167.23
2025-12-03 20:43:49,cloudping.co AWS,ca-west-1,ap-east-2,148.22
2025-12-03 20:43:49,cloudping.co AWS,ca-west-1,ap-northeast-1,117.27
2025-12-03 20:43:49,cloudping.co AWS,ca-west-1,ap-northeast-2,149.70
2025-12-03 20:43:49,cloudping.co AWS,ca-west-1,ap-northeast-3,121.80
2025-12-03 20:43:49,cloudping.co AWS,ca-west-1,ap-south-1,266.98
2025-12-03 20:43:49,cloudping.co AWS,ca-west-1,ap-south-2,235.97
2025-12-03 20:43:49,cloudping.co AWS,ca-west-1,ap-southeast-1,181.40
2025-12-03 20:43:49,cloudping.co AWS,ca-west-1,ap-southeast-2,161.96
2025-12-03 20:43:49,cloudping.co AWS,ca-west-1,ap-southeast-3,200.19
2025-12-03 20:43:49,cloudping.co AWS,ca-west-1,ap-southeast-4,175.35
2025-12-03 20:43:49,cloudping.co AWS,ca-west-1,ap-southeast-5,189.16
2025-12-03 20:43:49,cloudping.co AWS,ca-west-1,ap-southeast-6,197.70
2025-12-03 20:43:49,cloudping.co AWS,ca-west-1,ap-southeast-7,208.52
2025-12-03 20:43:49,cloudping.co AWS,ca-west-1,ca-central-1,52.38
2025-12-03 20:43:49,cloudping.co AWS,ca-west-1,ca-west-1,3.49
2025-12-03 20:43:49,cloudping.co AWS,ca-west-1,eu-central-1,164.14
2025-12-03 20:43:49,cloudping.co AWS,ca-west-1,eu-central-2,164.93
2025-12-03 20:43:49,cloudping.co AWS,ca-west-1,eu-north-1,176.53
2025-12-03 20:43:49,cloudping.co AWS,ca-west-1,eu-south-1,174.49
2025-12-03 20:43:49,cloudping.co AWS,ca-west-1,eu-south-2,171.07
2025-12-03 20:43:49,cloudping.co AWS,ca-west-1,eu-west-1,142.97
2025-12-03 20:43:49,cloudping.co AWS,ca-west-1,eu-west-2,153.67
2025-12-03 20:43:49,cloudping.co AWS,ca-west-1,eu-west-3,158.07
2025-12-03 20:43:49,cloudping.co AWS,ca-west-1,il-central-1,207.84
2025-12-03 20:43:49,cloudping.co AWS,ca-west-1,me-central-1,277.73
2025-12-03 20:43:49,cloudping.co AWS,ca-west-1,me-south-1,261.30
